{
  "accuracy": 0.9696969696969697,
  "precision_weighted": 0.9715909090909091,
  "recall_weighted": 0.9696969696969697,
  "f1_weighted": 0.9695984008351285
}