{
  "accuracy": 0.9666666666666667,
  "precision_weighted": 0.96875,
  "recall_weighted": 0.9666666666666667,
  "f1_weighted": 0.9666658495154803
}