{
  "accuracy": 0.9666666666666667,
  "precision_weighted": 0.9733851674641149,
  "recall_weighted": 0.9666666666666667,
  "f1_weighted": 0.9668012870754479
}