{
  "accuracy": 0.9575757575757575,
  "precision_weighted": 0.9633387445887446,
  "recall_weighted": 0.9575757575757575,
  "f1_weighted": 0.9571935107884141
}