{
  "accuracy": 0.045454545454545456,
  "precision_weighted": 0.002066115702479339,
  "recall_weighted": 0.045454545454545456,
  "f1_weighted": 0.003952569169960474
}