{
  "accuracy": 0.9272727272727272,
  "precision_weighted": 0.9523624401913876,
  "recall_weighted": 0.9272727272727272,
  "f1_weighted": 0.922244141711851
}