{
  "accuracy": 0.990909090909091,
  "precision_weighted": 0.9924242424242424,
  "recall_weighted": 0.990909090909091,
  "f1_weighted": 0.9908172635445361
}