{
  "accuracy": 0.9848484848484849,
  "precision_weighted": 0.9857508912655972,
  "recall_weighted": 0.9848484848484849,
  "f1_weighted": 0.9849300148312939
}