{
  "accuracy": 0.9757575757575757,
  "precision_weighted": 0.9787608225108225,
  "recall_weighted": 0.9757575757575757,
  "f1_weighted": 0.9757857188335498
}