{
  "accuracy": 0.9727272727272728,
  "precision_weighted": 0.9749729437229437,
  "recall_weighted": 0.9727272727272728,
  "f1_weighted": 0.9726152208708584
}