{
  "accuracy": 0.9939393939393939,
  "precision_weighted": 0.9946524064171124,
  "recall_weighted": 0.9939393939393939,
  "f1_weighted": 0.9939123376623377
}